,Audio Filename,Valence DEAM-Effnet-Discogs,Arousal DEAM-Effnet-Discogs,Valence EmoMusic-Effnet-Discogs,Arousal EmoMusic-Effnet-Discogs,Valence DEAM-MusiCNN,Arousal DEAM-MusiCNN,Valence EmoMusic-MusiCNN,Arousal EmoMusic-MusiCNN,Valence DEAM-VGGish,Arousal DEAM-VGGish,Valence EmoMusic-VGGish,Arousal EmoMusic-VGGish
0,0Y3lmI2xyEOjJXld4zEo5y,5.0537314,4.5804067,5.3295035,5.093254,5.0529947,4.5637608,4.7642174,4.9613433,4.549532,4.518157,4.8237853,4.873757
1,0l8tol0rUlorDx5qpxQslV,6.37339,4.966892,5.009083,6.233425,6.6475315,5.633275,4.112745,6.6642003,5.9595275,5.2432766,5.1103797,6.618561
2,0lE400SRtjUmLk37qkt77q,6.9331694,6.1043115,5.9942856,7.235547,6.433623,5.7677393,5.086336,6.7259526,6.1155562,5.719363,5.4901414,6.6606274
3,0lTQgId3gmoTrrCad2YjpT,6.5606637,5.585373,5.783336,6.7096853,6.482942,5.8147926,5.18255,6.642734,5.989779,5.705398,5.586069,6.4731755
4,0lhDwEGQ6IDlGrko5T7Ei2,5.1501803,5.394093,5.9283624,5.184996,5.71114,5.8948607,5.880081,6.0776205,5.12654,5.409609,5.37661,5.7184334
5,3BucMqBqIR5Aw7MrUkF00y,4.5717955,4.878013,4.8992295,4.4013085,4.3229494,4.8057423,5.0147996,4.877762,4.6495605,4.806273,4.75211,4.594012
6,17CHY0FoOgypamXGpk0Kqj,4.4002776,4.575515,4.9691777,3.9229004,4.498131,4.49906,5.1412106,4.088713,4.451959,4.5774617,5.025444,4.1961994
7,17E5kYLd1yrnzndzn4Xovp,5.972789,6.099134,6.6440797,5.6859355,6.271493,6.5345945,6.741448,6.416483,5.7900996,5.855521,6.0274796,6.068665
8,0NYVB11fk0kBalG46SxSTR,6.111705,6.0766754,6.9004564,5.722595,6.024427,6.243621,6.549152,5.9942765,5.3259454,5.462243,5.649285,5.4257584
9,0NJWhm3hUwIZSy5s0TGJ8q,4.707901,4.7337193,5.0255084,4.8093157,4.6199756,4.7229857,4.9336357,4.831089,4.807999,4.8642178,4.975836,4.9576535
10,0JHz6TOCIsxSqenueJUmts,7.5314155,6.7834344,6.3895974,8.173465,6.51438,6.3972898,6.1365523,6.6643953,5.789022,5.7784348,5.30173,5.9557967
11,77DRSxsaUoQSaTK0UI4I0a,5.210147,5.289524,5.591007,5.0356574,5.262055,5.3597593,5.563437,5.3852143,5.2670484,5.3534694,5.6357274,5.4220843
12,77lxwJmO8GfWk2LdpirwEf,6.1776977,5.855476,5.675976,5.5971384,6.258913,6.1802125,6.189218,6.088093,6.0100536,5.9379287,5.845721,6.0523853
13,77tBTw4wbI5RmvZuJ86q4I,5.397325,4.8031197,4.857414,5.7216415,6.2713637,5.7808566,4.9001784,6.3306074,5.7092032,5.361427,5.003139,6.001584
14,19PKMOoh2Rra8T50wrkq1X,5.480469,5.8144555,6.045413,5.243724,5.8938727,6.23506,6.5290885,5.978862,5.7154512,5.8091927,5.886042,5.7869325
15,1A1hXivNLAWyNf6pVysqzm,4.538607,4.3173223,4.774836,4.445454,5.4602046,5.56374,5.679934,5.2550235,4.7659683,5.001172,5.241383,5.08096
16,2ZrCLJz5UGbJCW2JK2OgkK,4.1482706,4.1504135,4.160511,3.9356544,3.6094232,3.8100557,3.9510016,3.6363542,4.4117217,4.4926367,4.3900714,4.242931
17,6O3PRnABuZ8wdhOIzggfX7,5.7509737,5.9147153,5.74047,6.197278,5.6105075,5.638427,5.563856,5.8747835,5.6873736,5.715151,5.4606915,5.9106474
18,0jFfXI7V7Wz24quphghPjx,5.286449,4.9671817,5.7143016,5.5750327,5.1957054,4.803913,5.1707916,5.0790663,5.156857,4.9740024,5.3388543,5.7367835
19,1igX49W93rcpYiYNKggDNx,4.358994,4.249711,4.6680636,4.0593777,4.0114326,4.0492096,3.865965,3.802807,4.1058116,4.2221093,4.1319346,3.9910989
20,5TyfUXhl7AShsLjj9MEKtg,5.102052,5.1505775,4.8570886,5.5033536,5.5011573,5.493405,4.893571,5.799451,5.451763,5.4701743,4.9943357,5.892726
21,7cnYu5p5nGWnN8MDi8gzI3,4.9292436,5.228992,5.300149,4.2062044,5.149205,5.136335,5.2358756,4.6805243,5.1120057,5.1209397,5.4227324,4.5696616
22,143HujryNbnIzNV85jkW8a,5.2404184,5.211086,5.6691127,5.2791533,4.6300387,4.722899,4.8340926,4.6401515,4.6506877,4.844714,4.9786363,4.7461357
23,0GvhxFWYe7preIkRFwee78,4.7229953,4.8497114,4.8084335,4.6986804,4.6393867,4.7987123,5.074887,4.398077,4.6959615,4.802306,5.3185487,4.5815253
24,1nOjBqRjDq2ETiyvughrot,5.163591,5.297587,5.6505723,5.0355344,5.910208,5.9291506,5.8211064,5.836903,5.349146,5.4909816,5.6066427,5.8739843
25,5EMTuiSD6NTqnQOmWgNQxg,4.8916326,5.042084,5.264744,4.826186,5.382831,5.345747,5.5225005,4.9830527,4.9939685,5.110947,5.2268553,5.0553393
26,2LUvOQEoHLBqewAEd20hHt,6.4573417,5.4970403,5.111538,6.2358365,5.9777436,5.463591,4.8133974,6.0685477,5.8324084,5.366891,5.1197963,6.23582
27,5yyoZY5JWtqpQyTf0qjgyU,5.638546,5.413827,5.873234,5.8170013,5.761216,5.8235655,5.365607,6.0555577,5.3060517,5.333609,5.0261765,5.567294
28,7v5zr1r0ft1LX2pIjHXopK,5.1600904,5.6751833,5.749835,4.988727,5.6864276,5.899053,5.9385657,5.885589,4.71131,5.0221887,5.043073,5.4151077
29,2VX8peEoA0gx5xSF4uuCDS,5.2240725,4.6365466,5.333714,5.4633865,5.227342,4.8155503,5.0649734,5.0686107,5.290043,4.967542,5.464431,5.918003
30,2V9zvMiYJAB06S8LeN89fr,5.5330534,4.932568,4.8235765,5.478251,6.0043864,5.521315,4.536066,5.9688654,5.5316234,5.217542,4.964447,5.9580655
31,7gmLJK3f06F0nEQPKpgw13,6.353245,6.160022,6.3304505,6.3846126,6.081599,5.6732407,5.158632,6.2601357,5.5487437,5.524364,5.5810037,6.0470347
32,5qOTBbDByTYPr6cd1jNIpy,5.443475,5.3758583,5.772698,5.294975,5.969794,6.054792,6.1295204,6.2506866,5.543715,5.7504864,5.856118,5.804108
33,4IMyXN5fxdQib60dcLBwza,6.6542206,5.8307586,6.8340464,6.4866853,6.628385,6.5780745,6.64948,7.0642233,6.0380645,5.8399997,6.170947,6.42297
34,4CHdGJVDGocslGo0Gg3Pr9,4.210578,4.4307585,4.855679,4.1573386,3.7305367,3.9368556,4.429655,3.853777,3.7274175,4.1146536,4.2593307,3.9732683
35,4ChvDvxokx0xrf2LMot73r,6.55228,5.6515837,5.8709097,6.480065,6.5794215,6.0603185,4.888403,6.7744436,6.088646,5.488949,5.2550573,6.6528416
36,0bWBwgthq5MszvRvUSBGSM,6.3100195,5.8682017,6.737461,6.22156,6.4200506,6.5659776,6.1989183,6.668443,6.1399097,6.1650395,5.8644304,6.5399446
37,6SqNM0R780HztwePWJFMEi,6.1105967,6.0174294,6.9800925,5.7526026,5.5384617,5.723861,5.7181234,5.4421887,5.547918,5.6687756,5.6874743,5.6283293
38,79N9aDPDWEWND2oySCsTTa,4.8947487,4.313027,5.311805,5.208289,5.0863714,4.940393,4.935351,5.3063865,5.230922,4.9676456,5.0226746,5.761779
39,79LFkOkzJNziCVuRhPfZA6,5.3543744,4.755359,5.429005,5.484055,5.5933037,5.1646223,5.263488,5.5996184,5.3856144,5.09056,5.4442077,6.0560083
40,2x9xkTgTa8BodQyKJ4c1bd,5.2493205,4.922069,6.1998205,5.5378823,4.6797576,4.5459504,5.2379904,4.601048,4.655428,4.663944,4.9845157,4.9858665
41,3KyMDgZ2FewZ6XyHuZWs0K,5.0280957,4.5766034,5.0835905,5.220791,5.3667483,4.891074,4.9554353,5.414617,5.2316055,4.943731,5.160607,5.7996473
42,3KibbsOmFYAeJThZ2nxT3e,4.7506537,4.984119,5.012273,4.9841056,4.536099,4.5664053,4.617961,4.6453776,4.2886796,4.6067343,4.7987876,4.807398
43,3MsD0RrlQb1OoPFInlQoJy,4.7404294,4.786269,5.441499,4.674408,4.64703,4.964949,5.4206033,4.828101,4.786844,4.952387,5.2791557,4.7825828
44,1LMiP1N3TVxC6lprrXkdR7,3.7309933,3.6678803,3.6173475,3.2180789,3.4109063,3.3841736,3.3736765,3.0048025,3.4692376,3.6254406,3.59934,3.3052814
45,4e0yKeT7bzGAGtojzb7kKK,5.850512,5.442462,5.429702,5.904657,6.2265625,5.844934,5.2890224,6.1404386,5.590805,5.381381,5.500034,5.8637404
46,4EbAftNM732UGLF8gmIIsX,5.2052927,5.2988744,6.0760827,5.757481,5.7290654,5.87534,6.0244017,5.8699255,5.338624,5.554645,5.719855,5.759268
47,1bz1ODiHBopRFAHTOjXlbs,5.7732267,5.9072084,6.014881,5.7929564,6.339165,6.448803,6.165924,6.5116844,5.852532,5.7591624,5.8603754,6.0834966
48,2dqTbZNQeNL1AcXfWnqFcG,7.062568,6.2867393,6.7118325,6.2672067,5.913628,6.1836414,6.5342526,6.2755294,5.484574,5.5258355,5.735217,5.665347
49,2dQCpor5f7eEMEmhaFID4Q,4.978771,4.8551955,5.523436,4.8812776,4.3428226,4.5734997,5.0073442,4.7293363,4.489696,4.7066903,5.0055475,4.695664
50,2dgjqBW7kpT5v7nPTlKaiB,5.124219,5.210543,5.267306,5.041575,5.5396986,5.4979386,5.1163025,5.522096,5.1115,5.2183037,5.2584057,5.1776605
51,2yMfDwie0nTQDpyMGDWwPD,4.702908,5.0484414,5.0927343,4.138848,5.4410443,5.6093345,5.652395,5.6913652,4.7214766,4.950794,5.0142293,5.3044424
52,44NYkYW8Do5aUwVHioEJjT,5.9211946,5.6210237,6.776287,6.2206573,5.899288,6.2504616,6.554526,6.1588693,5.9620013,6.016212,5.8278985,5.935232
53,45XFisTHb1wI5MtJztFYsu,4.8875456,4.7174425,5.2087855,5.1289763,5.1825447,5.013462,5.180522,5.306721,4.329469,4.400148,4.5904484,4.9786973
54,08QbOsku2EOiuuUm3OH28J,5.469873,5.5817437,5.4152184,6.01724,5.7390347,5.5365586,4.9825325,5.932918,5.5258436,5.382015,5.084388,5.785632
55,08pVm2BCyMSevBLXYLysqi,5.639277,4.7141757,6.313025,5.5517907,5.107069,5.0169806,5.301117,5.2995515,5.0586085,4.9004602,5.354437,5.6005416
56,5sCNS9a5UWmKCtUUu6W5uD,4.7510996,5.19859,4.7058654,5.0590224,5.2279553,5.219406,4.8726215,5.2894883,5.222923,5.37493,5.1473627,5.3634505
57,4t311U33AbGjloBf67KGBs,5.460388,5.5104117,6.134682,5.150952,5.6088495,5.639423,6.1158867,5.797978,5.046874,5.13572,5.28525,5.201032
58,4t0UsYzmmmZRMTWn77jiGF,5.6859846,5.7106385,6.089756,5.3887744,6.2881413,6.348801,6.2766695,6.3341966,5.705921,5.6879435,6.014977,5.873614
59,0c3vUiksPi7mXsoM522Gf9,4.12026,4.4383235,4.780523,4.199548,4.462072,4.614811,5.138394,4.115623,4.818054,5.0449457,5.419766,4.442365
60,0cj9AHHdO4iRDR2hVeOyAR,4.7061243,4.8705587,5.2373166,5.030608,5.3228097,5.4107013,5.076134,5.247542,5.0167327,5.0274634,5.0952206,5.222708
61,1eyzqe2QqGZUmfcPZtrIyt,5.1738267,5.3188963,5.687817,5.4229546,5.866123,5.789059,5.3918777,5.9379916,5.27034,5.2711544,5.048437,5.4738026
62,3mHCQ9DIYjX0NAO6wnqzaJ,6.594204,6.1052322,6.9159513,6.619353,6.35886,6.541198,6.6989894,6.9035773,6.025774,5.959653,6.0558705,6.377264
63,0rtwHkepURDqxAdUxWXykm,5.549281,5.4598513,5.7872815,5.6323843,6.2759185,6.160137,5.7055907,6.61397,5.7004533,5.7294364,5.660016,6.025934
64,0rQmjNSVZ5GhCqGnukSrhK,4.8957815,4.9716916,5.518868,4.5605536,4.997497,5.1183476,5.2545276,5.093021,4.5589895,4.7825823,4.7357326,4.8816743
65,0IrUz3oc0aSfF5fVQUnVUQ,5.6784368,5.5872607,5.466083,5.820355,5.937001,5.8891945,5.4097958,5.9114966,5.6264668,5.5501733,5.228849,5.6003265
66,58LxKK9f7TvDbOsKphZPxd,4.2224016,4.7518315,5.0536838,4.5718803,4.3260612,4.6229234,4.756518,4.49973,4.673066,4.982186,4.8588624,4.8885775
67,58JcKCPKsLnBadxsDqNqEn,4.771127,4.876709,5.4487815,5.260932,5.1799736,5.125885,4.967941,5.589503,4.886732,5.1453257,5.173807,5.4028726
68,7wZa5nV5BvTwSfRu36esIk,5.314609,4.5432944,5.534104,5.463406,5.541516,4.942961,5.454717,5.4422956,5.453004,5.01213,5.635574,6.2016177
69,3hmmlW9KwLdkP01j7nqhRn,5.35659,4.7616324,6.5147853,5.7260137,5.395182,4.9839015,5.739768,5.4389586,5.362941,4.973697,5.5867367,6.0397887
70,3hTzIZaKy1GVOJvPYpdl4Y,5.6064177,5.6725097,5.721263,5.7787175,6.3906717,6.239031,6.313671,6.3227735,5.864363,5.7234073,5.7953095,5.9090405
71,078jgASD7mWkJDAfLvFYwl,6.053992,5.6196823,6.4224253,5.611107,5.4914513,5.53661,5.7146173,5.379413,5.619086,5.541882,5.8820415,5.739527
72,4v2pTkXsKknPOitU7vvzvw,5.2323866,4.850228,4.63679,5.6363897,6.318545,5.7502203,4.2262053,6.369438,5.4886904,5.199881,4.257375,5.8888025
73,3cvqLU5jEYa1mZStxzFpdW,4.964414,5.369166,5.221332,4.4045124,4.87657,5.15839,5.4697957,5.016806,4.8987317,5.1136003,5.0822167,5.028545
74,3ctVNvIQADSeclquk9fStY,4.75129,4.6248655,4.671139,4.588716,4.6449614,4.6177187,4.4222198,4.551132,4.810665,4.790767,4.728695,4.407722
75,7ktsTO95YywAksR984DvQO,4.481652,4.1098514,3.8075454,4.7249866,5.074974,4.7061987,3.958419,5.173638,5.1896505,4.9224343,4.4972777,5.6319265
76,68B3urp2uXgEDenOfqhdQi,5.7095175,6.0349197,6.3012195,5.320373,5.634804,5.830066,6.434436,5.696275,5.5753956,5.67053,5.9304624,5.713393
77,6FUXgvzbMrMCzAuYGIiGIl,5.9292994,4.9788446,5.4430695,5.46684,5.9684176,5.522191,4.7552752,5.89541,5.4207587,5.135563,5.1401286,5.642502
78,6FGfIODiIJhZzYtDJ2jO1c,5.404301,5.3133726,5.8240485,5.314934,5.330448,5.6580973,6.279308,5.8457084,5.2100296,5.3512506,5.624869,5.4084253
79,33x3cy2E42Xg0xWOxZB8M7,5.9723487,5.742034,5.6927443,5.998192,6.6829853,6.652056,6.281171,6.963474,6.0728292,6.042271,6.023507,6.523075
80,33lz1O0dCOcMZVWnmZG65i,6.011247,6.0396357,6.1423593,5.738363,5.885433,6.048993,5.9578905,6.015619,5.658728,5.588017,5.3966227,5.672465
81,0HvwaNR0TYLiIwe6WzZ8Pa,4.240545,4.240923,4.2646813,4.2211185,3.7073348,3.6242912,3.6187773,3.4669847,4.178309,4.2877083,4.122127,3.9701908
82,6ad9IwfoJR5sf2ehNw5vx2,6.2124977,6.030739,6.9062495,5.925279,5.3166294,5.232215,5.6760507,5.244825,5.099494,5.25953,5.5039997,5.4645724
83,0uDDwQW7RjDvGZXKryHshr,4.7431026,4.6893806,4.966656,5.0226135,4.6101966,4.8538294,4.738714,4.8226457,4.650795,4.7928734,4.6222353,4.564684
84,7tcLPSrqwfYtSYmIVLu8dJ,4.7399344,5.0150304,5.0797133,5.1128035,5.413344,5.554005,5.6339755,5.4702888,5.080646,5.1038756,5.3579416,5.390186
85,2wWlOixgIosfeYZEQyhsaO,5.427755,5.375043,5.935837,5.3515882,5.108635,5.2547746,5.3642464,5.332138,5.144671,5.252393,5.3127155,5.277075
86,5P97xlvOl6IadKTLVId5ap,5.9176397,6.0332446,5.85723,5.430889,5.961104,6.3192463,6.215219,6.1604037,6.258055,6.1456995,6.0548844,6.2922626
87,1PF4kAUHKTydD73icSVno1,5.302876,5.3483386,6.2250533,5.3016124,5.556124,5.597065,5.547754,5.661653,5.216886,5.2883925,5.3842936,5.398237
88,1PiM5snP1x9HKFnqx0Bzdf,4.8429723,4.321566,4.877948,4.4082856,4.7551913,5.006279,5.005951,4.6105437,4.3145194,4.2605085,4.6093044,4.3750057
89,46mjoNCQ3EifsDnd6dwqRD,5.951752,5.5375633,6.9429207,6.016885,5.658838,5.316814,5.935792,5.7214546,5.2707224,5.355912,5.662399,5.7092147
90,46UwWvYZzHeJaGGOW38C16,4.298328,4.173433,4.4908934,3.918454,4.38746,4.6711106,5.010785,4.215859,4.083712,3.9969027,4.6761594,4.155585
91,46mNqoWLxrEv22VeB949jf,4.2472377,4.468585,4.9907846,4.115856,4.2666564,4.5772,4.8458347,4.0562987,4.206751,4.319705,4.7190733,4.127693
92,46MqtjQLk79eOkbgfPU8IX,4.7068357,4.7898326,4.7682147,4.3046393,4.35178,4.398796,4.501354,4.328444,4.5821996,4.657775,4.779422,4.476108
93,1GqbE5C00KPPiLab8SIC5C,4.760928,4.8725076,5.3981814,4.8427415,4.5620003,4.8896656,5.092584,4.609842,4.5190177,4.6953273,5.0241227,4.3716927
94,4shU3N2Yc95zvb3j4pwjDr,4.8955274,4.8106813,5.1196585,4.5390906,4.483533,4.742919,5.0347743,4.8027706,4.8260603,4.8231535,4.811694,4.7958326
95,39RS1hXgRE02HJG9cBa9SC,6.442679,6.2366195,6.1916986,5.8237853,6.0884695,6.1708117,6.0434155,5.8860416,6.191255,6.1297317,5.790287,6.187595
96,39lSeqnyjZJejRuaREfyLL,5.924308,5.739575,6.2437325,6.037227,6.5671935,6.685023,6.7140307,6.7494264,5.471786,5.4394293,5.404766,5.5254784
97,2RXp5EdKB8RFNOEodPxdTv,5.272428,5.7298455,5.653499,5.4682913,5.65809,5.8557806,5.6935844,5.648665,5.402449,5.695653,5.449494,5.602209
98,0PLQrSA6N7EofEPxu4Sg0U,4.0217357,4.061417,4.2379527,3.6437345,3.913975,4.054554,4.3812804,3.5931878,3.9270797,3.9153528,4.251529,3.6836686
99,7s1NgVP7Mx9bBpyKeSnsYO,4.4238677,4.5525203,5.021011,4.147869,3.987738,4.017414,4.1289835,3.6894767,4.134875,4.4093704,4.4424987,3.960783
100,73NQ9fWD3g74wsUh5LTdfF,5.580767,5.36821,6.5315847,5.970504,5.6164284,5.856725,6.293786,5.8401375,5.7775702,5.9576244,6.208056,6.498409
101,4LdhCfyICUiSGDodEtSi7n,4.816373,5.1338296,5.5319676,4.9032807,4.4672265,4.851455,5.3871527,4.550733,4.7353544,4.946598,5.1015015,4.7672806
102,2Y0Zb2iYC5mys5z44zjkNM,7.4768434,5.6412354,6.0054593,6.8063164,6.069169,4.904033,3.648293,6.0652795,5.6289654,5.037579,4.563368,6.0988297
103,6xiDbah5fuoPV4Z5qQk4Nh,4.9890084,5.1715612,5.5798607,4.655608,4.7800937,4.8253603,5.3848047,4.3110266,5.161027,5.1696687,5.6681786,4.856637
104,59uTpQjGQynHLpKtVyJn0I,5.490906,5.3446956,5.3906984,5.545325,5.486814,5.6040177,5.6891766,5.7193427,5.574181,5.6818075,5.6208844,5.816948
105,4DS3ZiDI4JsSYCtD1CwL6u,5.0954056,4.870272,5.8908386,5.1539826,5.321354,5.5358167,5.8175645,5.488605,5.693984,5.822335,5.7660055,5.75559
106,4DNgnLds0wF7wWoQvQj6La,6.6151614,6.150872,6.5269246,6.530666,7.1166196,7.1911726,6.908046,7.3595605,5.8242836,5.8055196,5.7591166,6.0521894
107,1gNgqMrQ4Fy8vhc4PdDvAP,5.349495,5.502434,5.977534,5.043076,6.361912,6.6874175,6.633175,6.706625,5.7517657,5.9454293,5.906229,6.026209
108,1g8Tju9Ev4fjUktqLRTmMj,5.702778,5.2729506,5.8014383,5.421472,5.5345435,5.202368,5.5624733,5.5761094,5.1022887,4.867474,5.2538767,5.561337
109,1yrRrnCtqG2ICItTVMdXoB,6.7449102,5.4768114,5.9906974,6.05048,7.1938415,6.7192583,6.4076886,7.35814,5.572169,5.561221,5.516106,5.8917365
110,1yMfoWCHtOEH2b5LzzPyJF,4.351354,4.644166,4.8999715,4.368602,4.0087724,4.27659,4.9318504,4.065892,4.11504,4.3411107,4.725677,4.164275
111,1ywbZ7FfMe6C4vmm7eMId7,4.954692,4.8008165,4.950499,5.21689,5.73457,5.738557,5.7052784,5.6817474,5.3056293,5.2510014,5.3419724,5.47721
112,4GZjvcQKAwHhjMyWVld345,3.6622417,3.5904365,3.378086,3.500217,3.4986339,3.4542642,3.3567243,3.1764352,3.642851,3.7612233,3.5314755,3.6886306
113,4Go9AgEPTBVfGOZ8Rrlosj,5.094646,5.1832356,5.4462905,5.4806685,5.885201,5.6295085,5.696949,6.045935,5.224024,5.2122316,5.5843177,5.9112744
114,6pHCJmx9FXnMwEqB0LWUEH,6.078648,5.546031,5.7166033,5.7536745,6.185006,6.1435285,5.4368176,6.3356433,5.73766,5.573333,5.4741745,5.965278
115,51iB6H3CQEmaaaKkmhmwum,4.52781,4.657354,4.8110776,4.294005,4.3734922,4.552092,4.674533,4.2780414,4.3300195,4.3898587,4.6518044,3.9059913
116,2rG2A0PpcvnWDed8CaN2x5,5.6314425,5.4445834,5.9727793,5.743306,4.713775,4.866575,4.942392,4.7112913,5.3406363,5.47757,5.5696735,5.346137
117,7aya3eV6qcLpxAfRrLMnWj,3.6966462,3.8662705,4.1919,3.5007434,3.5205255,3.58993,4.1328487,3.1751885,3.9241056,4.1690574,4.4396253,3.992525
118,7aENwq13lwx4TLLNRDxr5P,4.401093,4.0369005,4.463152,4.0067844,4.1621795,4.4476295,4.6138973,4.062616,4.207094,4.0873013,4.388876,4.148998
119,3XUeZXB9fVrsrSA89lEiBp,4.47191,4.855461,4.723925,4.6085625,4.987301,5.2115445,4.9406877,5.334324,5.074647,5.2088833,5.1363106,5.5461845
120,7xkOxuOZrD1pKYHKUatSwX,5.0995307,4.757527,5.2448006,4.194882,4.0656266,4.264163,4.194663,4.4310327,4.291851,4.436641,4.2275176,4.2312136
121,7xHrqNdRTjVmvualewApyl,6.396638,5.9449105,6.096049,6.2691245,6.403867,6.300798,5.9673476,6.577245,5.903171,5.8572564,5.7913804,6.231602
122,7onMf0QvWgRba2MRxG27yj,6.0435104,5.852819,6.7223783,6.229179,6.2407856,6.438742,6.4581866,6.326169,5.9998746,5.987272,6.0173283,6.1146464
123,1uZR7PBZsK4zzIVb9wLa6g,4.8052835,5.1113787,5.6249986,4.724847,5.0337973,5.22984,5.379742,4.940018,5.1337233,5.330359,5.6140075,5.0768385
124,2iBBgPKHPOdnS5bHlWPKri,4.785835,5.014825,5.164001,4.950431,5.087617,5.408628,5.316068,5.358387,4.976344,5.0529094,5.1820674,5.065192
125,0dnyegp8zG1ZFqhjqx6zw8,7.0415506,6.4757257,6.8772016,7.5157313,6.446979,6.391689,5.9777427,6.795963,5.756499,5.643344,5.5859323,6.035144
126,7GQ65Z5AKL45QSfPudqMcE,4.2512536,4.3349104,4.546338,3.9490597,3.7995296,4.0452957,4.4898133,3.750967,4.1457505,4.344691,4.4486217,4.161057
127,4p8qxFrOm4frxZqQWQTIQF,4.2607374,4.710243,4.875473,4.4609995,5.2269983,5.3110313,5.123552,5.076219,5.0409794,5.3757386,5.243761,5.1018596
128,4pGIwsD4Zbb6E6WFbyXcqL,5.1609826,4.709352,5.944398,5.1520967,5.495307,5.357612,5.5924215,5.5708914,5.2769413,5.2193246,5.514386,5.8050632
129,1rUM9s818ewNfP57q8U1Cl,5.208339,5.4810157,5.5398474,4.995795,5.543493,5.882207,6.279965,5.714642,5.044902,5.1577806,5.0352445,5.0172024
130,4OV6GtRryDhYWwVQrfYMLq,6.268832,5.5766754,5.527499,6.849384,6.5344296,5.983026,4.9573236,6.7495236,6.0405335,5.5766506,5.289306,6.3950353
131,2A57iSwKqW11Dl3u11SMPS,4.73194,4.850212,5.1620173,4.6695404,4.9184227,5.063938,5.1789227,4.999167,4.9302964,5.1938334,5.3430977,5.06211
132,2ABXKIG0eCgk9wIS91i8Ao,5.196832,5.4745245,5.696159,5.038234,5.3063803,5.6178603,5.4479523,5.400845,5.1301737,5.274115,5.1688814,5.1285896
133,2A0kGn4bBGMQQaapRTHWe6,5.513027,4.6447935,5.982003,5.6834683,5.532354,5.227704,5.507053,5.3409014,5.0823855,4.79843,5.340013,5.6447024
134,1VWYKR91K0WYMxyBHNaYxt,4.059553,4.1929936,4.7890124,3.6425388,3.2695076,3.4765656,4.127627,3.0471737,3.6532335,3.8567436,4.4275575,3.5050535
135,49ke1qwOtVOkc37k41wN9f,6.5594025,6.4406576,7.2531366,6.0890856,6.4551587,6.835246,7.359391,6.8187795,5.4491363,5.4043307,5.444526,5.3889737
136,49ty0lBIjB1YQ9oNU7JadW,5.884147,5.300917,5.6620245,6.034444,5.5040493,5.0827017,4.6544423,5.4792438,5.405085,5.3960695,4.930531,5.6502714
137,3VRSHMQhc0ea5ieH9jFVrb,5.33024,5.028581,6.0673246,5.155452,5.106663,4.9901967,5.41564,5.035206,4.9092145,4.898529,5.308975,5.3763266
138,0VqXZeSmSu7SwKWAn1NUKA,6.1771894,6.127026,6.6760335,6.4896507,5.9409623,6.0695276,6.1814747,6.2010446,5.8326254,5.9178047,6.1085315,6.0483184
139,11E6QPniTlPYpokkRwW8Al,6.5124145,6.406089,6.8109503,6.227328,6.11886,6.316794,6.449078,6.397717,5.7822747,5.838053,5.932048,6.034615
140,4Z7QBt3jUFs1vfER8RRQuN,4.170068,4.486063,4.7279234,4.308738,4.168715,4.3266897,4.6462774,4.178889,4.2032423,4.3931794,4.5420833,4.258636
141,4nZQotVbb81u2foJ8hb9nw,6.01631,5.66966,6.3666186,4.7991514,4.8944488,5.202122,5.292683,5.39006,4.551398,4.648546,4.518724,4.422615
142,4nWuBetUupWLaI6y1wPPL3,5.0534706,4.7323647,5.1591926,4.731341,5.47163,5.1443543,5.3170457,5.512052,5.0454025,4.886618,5.1418924,5.5131803
143,6MzIBGCg0m1GtNggLPM31h,4.389219,4.5477977,5.008326,4.439635,4.2252254,4.32171,4.4491134,4.269164,4.4059215,4.627514,4.7731895,4.576804
144,0nB6tFPHN5IF0LQ7glMHW3,4.2664332,4.6168036,4.5662985,4.2805533,4.4320498,4.5323377,4.475586,4.6329384,4.155324,4.3396907,4.3317437,4.279404
145,1BdtUjQmkvRTTUVySRuK4e,3.3485687,3.4385853,3.314077,3.2624078,3.1236477,3.145053,3.2569916,2.9119813,3.4373186,3.6106722,3.6458216,3.4727716
146,7q2kHP1fs5FMJgzVjSRf0q,4.711331,4.933226,5.103764,4.5813975,5.6279187,5.849697,5.927256,5.459839,5.3134346,5.471574,5.6681666,5.246331
147,0iJEGlU72MMwbPf8igQsVI,5.892193,5.464588,6.0202255,6.311682,5.354715,5.084983,5.534391,5.4091773,5.4130554,4.9709926,5.358912,6.1203375
148,5tmr8APgZgBwhxhkNzAQ4l,5.1994967,4.505227,5.1321664,5.030552,5.37318,4.692941,5.0334764,5.2031136,5.3447623,4.960758,5.2348337,5.9270115
149,2WgNlycdYeO9sP9z3ufsjH,3.9365451,3.9121115,4.3149486,3.7196155,2.9342365,3.0461075,3.498314,2.4401698,3.4866893,3.735376,4.010201,3.1737592
150,2WUjG575gTewbJaKZRuAFy,5.2881308,5.135616,5.02654,5.2946806,5.8457417,5.6572204,5.044763,5.8858857,5.2941365,5.2365146,5.0767975,5.49395
151,7ELg58IHgSF4lRySlYdFX0,5.8131557,5.3695846,5.5991325,5.717956,5.5815315,5.3692183,4.848928,5.5052323,5.1992292,5.112657,5.258492,5.343459
152,7ENJrQROroKjNHTazh7Trb,6.270057,5.263607,5.4099846,6.342893,6.3979564,5.694893,4.575372,6.531164,6.084153,5.4159656,5.2729597,6.747871
153,7E7I138eFwEcAik295zVtR,6.7794843,5.9550776,5.9970503,6.9935346,6.5904756,6.129341,4.980555,6.8256884,6.1025977,5.5819535,5.448127,6.7589464
154,47qvke9uksVrfspdBZq3GJ,5.7683883,5.2425537,5.792585,5.8468046,5.785622,5.3421564,5.3676214,5.6142006,5.659424,5.4842997,5.859002,6.340665
155,47YVkgrlWHlffZ23TtV1se,5.6637716,5.7606225,5.9160852,5.119365,6.288884,6.2040653,6.540653,6.0381694,6.3376203,6.231958,6.7527566,6.432892
156,5cS8AioMBXGgN2j4WuG7Jz,5.684434,5.3096457,6.0354424,5.339267,5.8423533,5.4890018,5.680807,5.90975,5.4095316,5.3352447,5.406124,5.7973766
157,5xulhS4L3ASnX8nno7M5jw,5.932003,5.838725,6.2735753,5.678817,6.0092406,6.2749295,6.5098767,5.93669,5.3201356,5.3288255,5.695274,5.3378534
158,1wzlZc4DoezFQn0rAwtZ64,6.125843,5.7435036,5.870954,6.1899934,6.3069854,6.044086,5.6094093,6.4081016,5.407011,5.268781,5.2711077,5.4853954
159,1wx6JALNy9KXwndVziEUKw,5.2280316,5.211802,5.6544304,5.1696787,4.849843,4.9168587,4.8845253,5.115391,4.930232,4.986032,4.8891945,5.0664487
160,3pkqq8JV30MoMTI6n6XhVK,4.131149,4.1674814,4.8721995,3.8459775,4.5059447,4.6076565,5.1694727,4.0045586,4.2336063,4.59767,4.958376,4.1137605
161,3ptJ7m0qwmSb6699oXLKL9,5.055423,4.9990854,5.5707746,4.5442343,4.7510133,4.969572,5.259971,4.8672333,4.744997,4.847246,4.9067006,4.6220956
162,3peL9cqmPNF73Wn8faWHMy,3.8438926,3.7511718,4.2019563,3.615918,3.4399078,3.5176451,3.6399806,3.3037415,3.6449811,3.9952984,3.9693325,3.7185657
163,343ySUa7BIhKTLOFgVzzYc,6.439855,6.2824817,6.075345,6.260169,5.8867407,5.912443,5.9776354,6.0177045,5.3669314,5.3967233,5.6043324,5.620492
164,34Z8N55sBaI0DNAqk8U5N8,5.3073416,5.5817337,5.4072733,5.954168,5.689733,5.9634295,5.6797957,5.818218,5.499095,5.446468,5.458488,5.6284595
165,2T0aAtVXRDyD0nbK4tzArv,8.3292675,7.490031,7.6011972,7.83683,6.2537494,6.2121673,5.8656387,6.4534426,7.444948,7.3666615,6.8663273,7.7944145
166,6ejDDdghjgMZTJs9pTzk33,5.0368724,4.929751,5.4138865,4.6202245,5.004093,4.7271156,5.219297,4.231624,5.0758524,5.1016383,5.364872,5.118323
167,5Jc5FzzI9xN8cYDiKlKpr1,6.2082143,6.068969,5.9910684,6.2414565,6.190102,6.3296704,6.062298,6.3826966,5.5236425,5.5536256,5.564774,5.8034625
168,4f1QbCjIAgQwnf7ms9NXWx,5.2915215,4.7759933,5.7802215,5.332211,5.2169247,4.8244724,5.5515623,5.331542,5.203662,4.9753227,5.4234867,5.859316
169,18XhpMPsd4oeX6lQETPeaU,5.547431,5.4006057,5.8573556,5.676975,5.0122085,5.0081053,5.258975,4.945292,5.117631,5.3108673,5.3606596,5.2987022
170,183gI3hEvjHAL1RlvTblZz,5.5483212,5.2087555,6.5357385,5.5786824,4.8625255,4.753592,5.422433,4.680492,4.881387,4.8897824,5.2652726,5.211502
171,0wz31AWD9yC0mZeF4t9pcX,4.6737494,4.8436613,5.2631974,4.4018145,4.3428044,4.332452,4.7574267,4.0350456,4.6626954,4.826286,4.8759823,4.5170193
172,01NHK6TUBtTAtBNA39FH6g,5.3579407,5.479553,5.4184146,5.4175344,5.0503426,5.1958184,4.7958293,5.038607,5.2859654,5.231853,5.1420064,5.268836
173,60w5eL1G4Or7LlTSrR5r8a,5.7229104,5.64933,5.599041,5.733505,6.1905828,5.9614778,5.6740375,6.195433,5.5471945,5.468921,5.602605,5.6875186
174,6qEMgZTY49sdFi7x755afY,6.803508,5.579113,5.824992,5.356681,6.4557967,6.381272,6.4682627,6.366751,5.7474823,5.692076,5.915572,5.880645
175,2McQQA5nCLVL0XvzcxWhFC,7.0010924,5.881112,6.206313,6.9588513,6.4673095,5.6831474,4.6259336,6.639304,5.80314,5.443884,5.4392385,6.3304653
176,2eqr7DrwqPTzamWZVXxTZi,4.957398,4.7288733,4.9777875,4.934516,5.173674,5.05953,5.214697,4.9041047,4.9527473,5.050728,5.2852254,5.2469735
177,3Z40DcSjnyDg2d8qG6jP4V,6.1037545,5.736396,5.595538,6.2690234,6.2060704,5.807547,4.893721,6.2703547,5.738602,5.3926787,5.3459277,6.12945
178,2QjAWSIREtRLTmRv0p2oe4,4.6256666,4.059936,4.4170375,4.2128825,3.9962697,4.1441236,4.2022686,3.7675352,3.8933473,3.802252,3.889436,3.912949
179,2QjmxeV1c6tXttgEBFeeRM,4.839315,4.7477393,4.930249,4.6036453,4.646371,4.6497135,4.9469914,4.5617595,4.424536,4.554567,4.8483386,4.5609636
180,10Of4lAUPlbpicWFB0ZnIp,5.461919,5.011777,5.19202,5.608693,5.488522,5.2295213,4.865687,5.5474186,5.51202,5.3709927,5.1957417,5.801582
181,3riz6wqLBa0rWNYDFs93ND,5.416524,5.4918857,6.1215863,5.2818704,5.583747,5.907788,6.280073,5.6712294,5.3114753,5.404295,5.455108,5.4684896
182,32j4mGWxHedWUTPKXJUJkS,6.6773496,6.386565,6.114759,7.1703916,5.7216268,5.844596,5.710212,6.0774183,5.5546255,5.5183563,5.3640003,5.8540044
183,32PD9utT52FW6a8SrV4WBW,5.7730184,5.431475,5.8030024,6.4518247,5.405225,4.7288094,5.1848106,5.604719,5.431106,5.060094,5.559617,6.141452
184,7eO7YYU5gxeHUWYdhVu1ix,5.618708,5.169213,5.70362,5.0422316,4.322195,4.612739,4.93302,4.6005325,4.918227,4.8993273,5.2364454,5.1026883
185,7eizKw48l12EVbAqgqv5JB,6.2791457,6.215482,6.5514674,6.2311444,6.6028986,6.5454655,6.831787,6.697895,5.7964015,5.794719,5.8875365,5.998965
186,78dwpnPXpLkPW67Xk8cLKk,6.832128,5.7581644,5.61288,6.636516,6.637715,5.5948744,4.665964,6.4821687,5.9655457,5.4775295,5.404079,6.503164
187,15LhiWzrEB8vxTAUrYDhET,4.586077,4.9440207,4.9242544,4.2885494,4.1451507,4.5199175,4.76351,4.1242156,4.5132065,4.67927,4.8186426,4.3656154
188,4SbB5aNkAo0eyR2PGSp8a5,6.4522862,5.5363245,5.3579397,6.264421,6.856604,6.0018992,4.7771645,6.913714,5.984589,5.516831,5.301647,6.4725943
189,4Qw9AIQsusSdvEcO0MuOv3,5.594781,5.65144,6.3291497,5.482679,5.669092,5.7049675,5.7615643,5.603482,5.4212,5.5493135,5.6907487,5.7084455
190,1RDnckI3aDh19h9TJAUm3N,4.4915886,4.4734087,4.741936,4.381681,4.5224853,4.5626326,4.5711355,4.6656113,5.106227,5.3247147,5.2392707,5.414137
191,5VqPvzYua29fkUejZTdW2z,5.237678,4.7547393,5.2427783,5.3264537,5.7602353,5.1846657,5.4904723,5.6624103,5.329478,5.0812263,5.255099,5.9265532
192,5WlZhRhLqTDxbhLGftSd6l,6.163113,6.1935077,6.4416127,5.917481,6.2277503,6.2738137,6.7040253,5.9534254,5.912116,5.8784537,6.0890436,5.873636
193,0RSPtnexlPUm2gFecq6swu,4.7575912,4.7828074,4.87804,4.773118,5.053118,5.1361666,5.1332965,5.064331,5.0887923,5.1952024,5.2313375,5.151494
194,5KNuHsIeFtD0oukst77hBi,4.5438395,4.777173,5.017483,4.2694035,5.1978045,5.2941403,5.2719965,5.0603104,4.753825,4.9482875,4.8564005,4.928427
195,5KKA2xfuxPgOpSlCuBpOAQ,5.4606996,5.376048,5.8459525,5.3188233,6.358073,6.586672,6.87108,6.264019,5.8576226,6.009312,6.214431,5.7674007
196,2DTUoqKx7DhtJOIIZZzYsV,4.9197745,4.7379494,4.564573,5.0662866,5.4841433,5.346713,4.7212186,5.490328,4.8788943,5.088097,4.2487354,5.1365037
197,4YtoipFgf4k0AfD17ZfD5X,5.65038,5.0453315,5.435901,5.8357444,5.7381034,5.3501067,5.7927055,5.598948,5.4451404,5.225714,5.613746,6.0171337
198,4YMPdjjBjHFx5Jb8r2tRua,5.1364713,5.2200856,5.5463758,4.694106,5.3993645,5.6726394,5.666248,5.8187404,5.17645,5.341432,5.3812256,5.3995204
199,0KwNTV2sJWjUSBF9kJkdcP,5.7196355,5.7508206,6.2045517,5.7233086,5.591834,5.997433,6.2765512,5.699779,5.5396857,5.683885,5.8886476,5.633145
200,6hpXcN0xlqicCBqdKQUnIe,4.649207,4.8766227,5.4025736,4.7105207,4.894975,5.0527964,5.7266517,4.8287373,4.915774,5.1595025,5.4868484,4.941869
201,1WV5rOR72Wnned6fbusF0J,5.6033163,5.3860445,5.681293,5.640842,6.330542,6.5570602,6.6709733,6.4523473,5.8416867,5.8313913,5.9325714,6.219462
202,2GtgbtCgTunjRgTvuRBsRp,4.436969,4.019697,4.9848022,4.69959,4.662267,4.436002,4.862251,4.6527843,3.9744208,4.0912123,4.3943634,4.1276445
203,6j93BOiE0cKmczhaXMoudl,5.926655,5.6900663,6.1735263,5.2128186,5.3560586,5.5764956,5.919631,5.3231606,5.5135226,5.429075,5.5455728,5.0525613
204,5dg3UDruST8ro3QGWpEDeu,5.864976,5.63001,6.6387696,5.410587,5.764603,5.9332385,6.5470953,5.934102,5.47492,5.5941877,5.799468,5.5811796
205,29QgHKWCo324ii8otbB0po,4.1544414,4.2815638,4.77257,4.218171,3.8617413,3.7863617,4.003612,3.7376244,4.163747,4.383249,4.4544115,4.3046145
206,6z6mAQsKBvp9xPTm149Cvq,5.5336294,5.18216,6.1732783,5.2078333,5.5859985,5.5956025,5.995783,5.6714745,5.2206044,5.3142996,5.509737,5.7614083
207,27IYG1JrNewpEyyV5UnKZ1,5.393561,5.361524,5.7793765,4.7869635,5.10635,5.207577,5.513051,5.117617,5.108885,5.165069,5.110132,5.023499
208,53EvebEqnYnlQ3Rl6Ar1bu,4.6095634,4.4013643,5.3081446,4.4334493,3.7979283,4.142699,4.6161714,3.9000337,4.123502,4.388594,4.1956034,3.887201
209,2Xu21AeNdt8rLShMYgYwpU,4.9181943,4.24255,5.377511,5.2076993,5.261984,4.7240024,5.1100864,5.1850476,4.9079084,4.6700945,5.106634,5.347881
210,4PgXQ2ld1xWuinf5YmMolQ,4.3149467,4.8935623,5.123379,3.821806,4.9318132,5.0664797,5.3606052,5.055311,4.413194,4.675393,4.6903925,4.9784484
211,5DkFpeYPwQes4a9YE3UUdd,5.0465636,5.095755,5.3856273,4.8173976,5.545477,5.8316064,5.8812804,5.5764756,5.197914,5.3390603,5.3935003,5.2596006
212,5DapY2iD54dh0PwfPbx1RM,5.5262733,5.698251,5.7255683,5.5011854,6.0287614,6.192493,6.145207,6.4532223,5.3619614,5.6799545,5.487325,5.8831234
213,5DhPPiULuuXllyVd3T8ZaN,5.71753,4.9582505,5.9621644,5.8281417,5.771744,5.203012,5.5075016,5.91847,5.4101257,5.1203947,5.372424,6.118484
214,7nArT01M30dHx2hXlp38K3,4.2534494,4.3791184,4.575052,4.1378264,5.8404303,5.747673,5.2023816,6.019094,3.771799,3.7402432,3.7900193,3.35918
215,7nQupMTASPyqh7K4KMMty9,5.9841676,5.6974306,6.3788657,5.1611238,6.5391254,6.5081887,6.849269,6.288888,5.8726125,5.8203363,5.928776,5.7320247
216,7nc7mlSdWYeFom84zZ8Wr8,5.4623847,5.0582285,6.0968084,5.6202064,5.0486026,4.852464,5.0112796,5.170923,5.030268,4.8261056,5.141978,5.5043545
217,6iiNLPahws8aIJVHZ2WXRC,5.012931,5.2716017,5.3431287,4.6638103,5.8435407,6.092836,6.33099,5.7668557,5.4803195,5.501347,5.601503,5.2301497
218,1li0bEaF6w4wh6tTX8axPI,4.407926,4.352302,4.8355665,4.3733015,4.984491,4.902842,5.3186545,5.082612,3.7241426,3.728986,4.5409155,3.8324482
219,1DCyjMo53EYmSKRakLX4Qc,5.303994,4.858319,5.5059013,5.344682,5.138403,4.8702354,5.453252,5.189761,5.078871,4.9304733,5.636621,5.6906767
220,0tKWVnnCD6rmtSBIR7AiE4,5.5803084,5.605216,5.8674445,5.610961,5.751698,6.102845,6.6018744,6.218844,5.5737805,5.7206283,6.0620837,6.145035
221,4o6NJIrxUu3FZrGcMCw6ij,6.3644476,6.372855,6.4421244,6.560707,5.8559628,5.972662,5.5153794,5.965571,6.1486726,6.086139,5.982162,6.178889
222,4Tpq2LKCwOyAJlSHNR4iPk,5.643149,4.934957,5.9160857,5.692272,5.6289763,5.235051,5.922549,5.607451,5.3001246,5.02031,5.695579,6.004616
223,5IZIRyq2lhi3W91NLDd6Oz,4.4252715,3.9502041,4.331368,4.0878935,4.175436,4.193747,4.0623584,3.9272344,4.069118,3.971703,4.0266447,3.9593017
224,57EuuAQJrXOVeAdII7zhMb,5.5544434,5.4326754,6.1234894,5.4919286,5.3947673,5.643232,6.0112977,5.56593,5.7283697,5.8169823,5.83401,5.843644
225,4N9kQdAcmIVUkO8X4K3HCO,5.2075605,5.440053,5.9472833,5.389354,5.451661,5.6252885,6.0130634,5.2791805,5.437333,5.6363506,5.7232347,5.5057635
226,068kwDUkikmINIQvfDMdKw,6.1743865,5.9368834,6.5424347,5.6802573,5.5816936,5.820861,6.3523097,5.6953063,5.4408665,5.5203066,5.6415935,5.490636
227,2UVPNfmTx2C27Py3z5r9RC,4.392127,4.001862,4.748052,3.9329333,4.3955183,4.590097,4.7363667,4.16026,4.3378687,4.2634053,4.632289,4.2182517
228,2UsEahJ2lpbBjguCfLHPP4,4.950497,4.5329294,5.0642505,5.167814,5.198104,4.645894,5.2719893,5.0170336,5.388336,4.9678373,5.6338906,6.0919743
229,3xEl5TknncBXeRkJ6btZqW,5.3300858,5.371212,5.7001386,5.332505,6.2446074,6.4518447,5.9069085,6.519266,5.4763126,5.533487,5.5179973,5.6468573
230,5NSSeFthY3wqM8gsen1gWL,6.319589,5.5547814,5.7050333,6.4688964,6.482683,5.6844025,4.646993,6.547753,5.830789,5.3495574,4.877994,6.1823044
231,6weHLuzNm4SRH2Fpf1uLGu,4.922832,5.270411,5.101987,4.722755,5.03325,5.1607246,5.103445,5.1405888,5.2884135,5.3976984,5.513653,5.352375
232,2qzRf1nn7hFpVod2PHhqB3,4.4243236,4.583538,4.9815917,4.186696,4.0391345,4.2890944,4.019233,4.477766,4.4840093,4.684884,4.602228,4.5898767
233,6sXbpvH7jtU2gQFiiZ5aol,5.794328,5.627566,6.2280326,5.5959215,5.930346,6.013479,6.1332326,5.92412,5.8869576,5.853399,6.0041404,5.986387
234,0sALHeGJRuARAw6jWuRfF3,4.4082456,4.5027623,4.525066,4.3972135,4.618774,4.772491,4.860603,4.514375,4.5932755,4.466561,4.9170427,4.481047
235,4XQCDyqgkGzwwdut5V7tdp,4.950395,4.823121,5.7310762,4.6626997,4.084154,4.2102942,4.784695,3.9091537,3.786271,4.042956,4.8932867,4.3243375
236,2EPi4anyxVjKTcJwPtntjM,7.266536,6.105243,6.8311424,6.789234,6.4728284,5.4664598,4.8460665,6.3321834,6.282562,5.7461557,5.653668,6.707036
237,55mCj2LMr3csP88djkFpPN,4.06766,4.3638315,4.7146163,3.795299,4.0441694,4.3398023,4.581275,3.8983443,4.054906,4.089541,4.258469,3.7532845
238,54WCcYlzRgr1PydRIOAqlF,5.3942986,5.062021,4.934462,5.7912145,5.2979655,5.1293063,4.267564,5.344332,5.4619584,5.329449,4.827314,5.7866163
239,5eJJOdNwwqCOChRnamKor3,4.807823,4.8038077,5.267541,4.5856447,5.0970097,5.1110215,5.163916,5.111271,4.877349,4.969428,4.9749036,4.8886886
240,7Bxsyzl3Y1LAeWb5ItbIAb,5.8197923,5.781845,6.6989083,5.753838,5.9846935,5.8425665,6.1777635,6.0527267,5.590973,5.6315093,5.9653172,5.932758
241,3Nw2j8vvelMdowOSo2K2Bs,4.768941,4.946569,4.850627,4.8563323,5.1110144,5.183666,4.8759856,5.160428,5.0649724,5.122485,4.996266,5.058628
242,3NJOkeaVMwqmzAGHGx4k29,6.035678,6.316343,6.490085,6.183769,6.511516,6.3920827,6.4587708,6.376121,6.026972,5.9921746,6.1962867,6.270639
243,6LysPLhdNKyT1dhV3bnVuH,4.5789886,4.7332234,4.745578,5.1381826,4.714934,4.748364,4.528214,4.767891,4.7526174,4.930133,4.650751,5.0055323
244,4z3G635lvJWGsQKmCTtMZP,5.133596,5.3707685,5.5469437,4.892797,5.5195665,5.6189137,5.6986065,5.249574,5.699124,5.654909,6.1427627,5.662843
245,1ZRcHeXCAVacsTQbFbuA0w,5.1310353,5.0130467,5.3460226,5.59068,5.5065193,5.191476,5.8716273,5.550057,5.0439415,4.9376717,5.4956193,5.5490704
246,1sNZoN5Nj0Z7dXUizHNi2L,4.163636,3.9122872,4.8669977,4.4893374,4.113196,3.9429338,4.065573,3.9367123,4.214304,4.3110285,4.3024955,4.4108214
247,2hIacvX7e5s1AKb4zOh0pc,5.65791,5.3351684,5.1493807,5.9037123,5.780478,5.64961,5.0044913,5.837997,5.620702,5.3953257,5.4464965,5.9966235
248,0Qk5uOiuYeZkcSFaGu9oDi,5.225262,5.3543167,5.7220345,5.0658107,5.0749593,5.09369,5.3044124,5.090744,5.0368233,5.166606,5.2332516,5.080035
249,2mrGbJrpRyRFDpj2HSeDh5,5.660255,4.786008,5.996162,5.704274,5.8830447,5.3965845,5.53994,5.9265647,5.293633,4.9775715,5.575652,6.058242
250,5vrBjHR618nUnz8XFfVFoY,5.0009336,4.9113703,5.4445305,4.7659116,4.650601,4.8526983,5.008706,4.8926473,4.871053,4.997035,5.183908,4.9629197
251,3Iutwimw1myD09IjXITuhg,6.6534033,6.317973,6.998374,6.543033,6.794661,6.745508,7.550986,6.7227235,5.9614754,5.843134,6.1473746,5.955823
252,4U2EixxDvgzSpZt042KEjI,6.2280474,5.3605714,5.414918,6.5260034,6.1203394,5.5294027,4.732814,6.3326025,5.679512,5.383053,4.888631,6.1668644
253,5fIzsXrLeaHkxLqrHKc1Xr,6.2313867,6.433838,6.561448,5.7042136,5.9953294,5.965899,6.27199,5.7517385,5.606788,5.623307,5.8067026,5.738502
254,0ASvZIiB2Ml32DlUhfaOhx,4.7021494,4.7580514,4.874246,4.9878945,4.99831,4.7563896,4.441926,4.852541,5.158475,5.207176,4.9724603,5.1750426
255,7f1yOiKyYUasPVR4LvsCVT,5.2060423,5.12657,4.6487226,5.442173,5.092582,5.03594,4.434425,5.080451,5.101419,5.17664,4.725819,5.223134
256,7ff9IBgVwy779rg5ZMOIHZ,5.1762342,5.250823,5.4574966,4.625008,5.1247454,5.148614,4.764947,5.184177,4.805292,4.9755063,5.0298395,4.88852
257,6KH5uqmb88VmciRhHKj52Z,4.580597,4.6470833,4.8550735,4.3679214,4.747009,4.9946074,4.9027276,5.014822,4.5925136,4.715102,4.85221,4.728536
258,6npkmaGltaX4s4FC8s4KHH,4.42546,4.065455,4.5531693,4.1502466,4.2122264,4.2887115,4.1137743,4.030114,3.916533,4.109956,4.1783447,4.0433455
259,7pFjc2VFPv8LRnYfNHE8iS,4.5301747,4.6851425,4.933818,4.434705,4.4434505,4.6274962,4.728233,4.51834,4.5999546,4.7800717,4.70887,4.5476613
260,7ps7z3HNmjHWNS9kzNjle2,5.3145876,5.511148,5.5018287,5.1257553,5.7670207,6.055917,6.0909476,5.886688,5.482575,5.5467935,5.7134075,5.5598364
261,02MDVGgVJbKJ6PsAG6793p,5.6906877,5.255753,5.2900023,5.869537,6.321074,5.9052563,5.0415816,6.267352,5.7825346,5.4363194,5.341076,6.146345
262,4H17zKB1wyykTf4qAWVLZg,6.4676065,5.512241,5.8944335,6.35798,6.18973,5.7484984,4.816476,6.4614058,5.7794595,5.8195977,5.3866816,6.2231607
263,0WGmB12qGPK56sjoqX6viN,4.957143,4.845196,5.101798,4.3322725,5.2279015,4.9888387,5.5837545,4.675644,4.774765,4.896251,5.1977887,4.8094335
264,5jqgjCCAvc3qdgy4NYCnIu,5.6012845,4.9511914,6.4558835,5.534779,4.840888,4.6644583,5.2063413,4.9680543,5.043981,4.811828,5.265853,5.614036
265,5jgeoj4zIu3haLuQVjBrbi,7.244307,6.338613,7.1078186,6.946485,6.6915426,6.622499,6.759507,7.0168176,7.1968412,7.341169,6.956647,7.7124615
266,5CT2VZZjAUBSYyn65P2zHt,5.3567986,4.929422,5.2117944,5.4878664,4.944054,4.9045644,4.4760213,5.1759214,5.0252953,4.9534364,4.731255,5.237193
267,5CLDZpfRv5NQxi1bvu4Pmn,4.5044475,4.0804534,4.6242905,4.566113,3.6070461,3.7875125,4.044394,3.619543,3.6144643,3.9954438,3.7012415,3.6644275
268,52VGQZSdC985CXY3n0i7KZ,4.4788995,4.264461,4.6932044,3.975083,3.4837296,3.6922078,4.3606234,3.469266,4.118349,4.062729,4.5967336,3.9259703
269,4l6CnxuPdcNvwjeYc0CvAN,5.997421,5.613514,6.2016015,6.255885,7.3506575,7.1083713,7.623377,7.374743,5.8225574,5.8845224,6.282416,6.215298
270,4rcksONsjJS3l9HLJheAdD,5.4816957,5.162318,5.956559,5.5418687,5.7488685,5.385092,5.9175935,5.902172,5.182631,4.944847,5.6664457,5.8929596
271,3Uk7MAe0uB7S11MDMuBfst,5.822113,5.7684813,5.910804,5.978976,6.1978836,6.3389196,5.9179583,6.1796064,5.9142776,5.887695,5.9010944,6.168083
272,71MUAfcaGbPtVxemhAC4bo,3.9009776,3.61305,4.1091075,3.9067903,3.5443456,3.654108,3.732264,3.2728527,3.7559896,4.1031976,3.892299,3.554947
273,3ytUgxZj1EYHb8zlk5VKk6,3.8842294,3.8339944,3.9113822,3.3858008,3.4840012,3.5208805,3.6554368,3.2269788,3.7655191,3.855514,4.0438595,3.6172194
274,3yCYQ0uzJyX0GwJoF3QvAe,5.9582715,5.9773946,6.749763,5.6784263,5.603031,5.6144905,5.969413,5.6208277,5.1116967,5.250324,5.4059477,5.2798147
275,3yKDTSL7IbEGJy7pm8tSgK,4.9929204,5.2341027,5.3673563,4.4845705,5.009273,5.1073194,5.423552,4.472602,5.019752,5.202588,5.280331,4.485322
276,3y8DxOuZnp8C0SLhzWFRNJ,4.1935234,3.9209192,4.524922,3.8271015,4.06553,4.2392645,4.498915,3.84958,4.061685,4.052429,4.5995393,4.038019
277,1oSIsS2Wfx5hQiB2WqorrT,5.0886188,4.4939966,5.3043714,4.9362054,5.405292,5.486788,5.463399,5.2395067,4.856956,4.9570704,5.025093,5.0367184
278,3SVE6robjmmhvsN22UIIl5,5.504995,4.785415,5.479763,5.253405,5.0463023,5.1777983,5.2691793,4.9504604,4.6620874,4.9184856,5.059046,5.078136
279,2gDeV5YfzTo9TkyOmhrRK0,4.8605657,5.162418,5.261827,4.948519,5.185065,5.489656,5.3193336,5.1915183,5.3057895,5.3518267,5.063922,5.3616905
280,30YGNU3qLzdJ4dQXF4ZgUo,6.2617526,6.1404505,5.900326,6.622384,6.5179644,6.394985,5.674383,6.830929,5.8456745,5.826271,5.701853,6.3356404
281,30kU9ykTiTKHsyb8OiKe6F,5.245152,5.5127997,5.21433,5.2910867,5.906014,6.00434,5.693407,5.9238505,5.7456727,5.8419323,5.8809204,5.8014855
282,1IM5em8ceA9Ukorn9xf19w,4.6646338,4.4788556,4.505239,5.001075,5.281157,4.919113,4.603083,5.534317,5.0249863,4.9622183,4.7424035,5.289348
283,2psrPqL1UKkVomwgeWZzFj,4.4764013,4.082147,4.790977,3.7546632,3.892574,4.044251,4.75071,3.5985806,4.1614637,3.925663,4.5896516,3.859387
284,2pn2StUamiL479IvDxib7P,5.727714,5.6042933,5.865435,5.59766,6.0508385,6.0956945,6.130525,6.297189,5.4299483,5.383509,5.5168085,5.6138253
285,3PjWpRGkOrbp2epH9871Vn,5.305378,5.4501624,5.5176477,5.508713,5.111581,5.262713,5.234631,5.295289,4.9927883,5.164517,5.4527035,5.4044704
286,0vftWnxkkTLK611M5R31rB,5.201568,5.1957107,5.142241,5.3332567,4.726812,4.7953806,4.6353316,4.7003274,5.1843534,5.2405577,5.0414133,5.286722
287,0v1Yg2zOk3t0YoW8NWsgWt,5.990982,5.4946623,6.8018155,5.834525,6.2481084,6.295511,6.607505,6.4196353,5.460315,5.4753213,5.7925754,6.0428667
288,0ZVcDEK0peds7MKBRIqnIV,6.666394,6.094693,6.540027,6.0720663,6.338276,6.492214,6.5361085,6.7159653,6.2601366,6.2664857,6.3753996,6.7044244
289,2Jyeb7OASnoTLimeuoQ6rr,6.2313867,6.433838,6.561448,5.7042136,5.9953294,5.965899,6.27199,5.7517385,5.606788,5.623307,5.8067026,5.738502
290,6J9UUQSQ9Vm9fh6vZgLlzu,5.2486978,4.47607,5.299995,5.2101545,5.220585,4.848846,4.7987676,5.2153893,5.3962097,5.1319957,5.3641257,6.0202117
291,2PxGGRmj5yunYdNF2Ud2vm,5.2767606,5.224445,5.7708254,5.203357,4.808956,4.9277706,5.2983475,4.7755795,4.953107,5.171067,5.366206,5.043828
292,4mEyJLA4OhmS6VNo5GxtEm,4.905683,4.9916024,5.4205422,4.7566724,4.683801,4.913673,4.9044404,4.8050175,4.5663075,4.729612,4.7148156,4.5041184
293,4mmh5f2kfslEezzBAfOeht,5.6820602,4.9873557,5.6953783,5.659206,5.452142,4.912306,5.170161,5.3173914,5.37728,4.9893403,5.380926,6.05131
294,6E5nupnnwz0PdA0fTGYp57,5.865799,4.988941,5.0374217,5.976133,6.059005,5.659819,4.719234,6.094232,5.812972,5.3332357,5.258715,6.3101397
295,6EDy6U8aPJ8H0ThnRlQLoh,5.0018573,5.3248267,5.306437,5.125381,5.871858,5.9903903,5.852786,6.0330806,5.1002526,5.474022,5.259453,5.4490075
296,6ECBueopn5ikxPo2fMBsvC,7.2550955,5.9609337,6.5441566,7.062794,5.955849,5.567385,4.6815934,6.238199,5.907547,5.9118104,5.625345,6.360998
297,6EYCCC9yGn1hZBHLPslNl3,5.4305916,5.2084527,5.2688065,5.5802574,5.5305314,5.4583797,4.8729396,5.717871,5.481735,5.3449783,5.297013,5.738832
298,6E10rK35nbpf8872ZBl93h,7.002251,5.791056,5.9220037,6.975983,6.707564,5.704448,4.8575835,6.7529845,6.1197557,5.6062946,5.2545214,6.6375623
299,3JpWsHRsEXBTNumroUGlXb,5.608318,5.311715,5.9738297,5.4778543,5.6121764,5.5214443,5.873406,5.536068,5.528344,5.4265976,5.8198533,5.7679915
